{
    "network": {
        "val_acc": 0.9790153349475383,
        "f1_val": 0.9777857078580126,
        "val_confusion_matrix": [
            [
                1148,
                0,
                1
            ],
            [
                4,
                29,
                1
            ],
            [
                6,
                0,
                50
            ]
        ],
        "val_classification_report": "              precision    recall  f1-score   support\n\n           0       0.99      1.00      1.00      1149\n           1       1.00      0.88      0.94        34\n           2       0.94      0.91      0.93        56\n\n    accuracy                           0.99      1239\n   macro avg       0.98      0.93      0.95      1239\nweighted avg       0.99      0.99      0.99      1239\n",
        "test_acc": 0.9753265602322206,
        "f1_test": 0.9731338438272061,
        "test_confusion_matrix": [
            [
                639,
                0,
                1
            ],
            [
                1,
                16,
                2
            ],
            [
                7,
                2,
                21
            ]
        ],
        "test_classification_report": "              precision    recall  f1-score   support\n\n           0       0.99      1.00      0.99       640\n           1       0.84      0.84      0.84        19\n           2       0.88      0.70      0.78        30\n\n    accuracy                           0.98       689\n   macro avg       0.90      0.85      0.87       689\nweighted avg       0.98      0.98      0.98       689\n"
    },
    "body": {
        "val_acc": 0.9878934624697336,
        "f1_val": 0.9872047856351012,
        "val_confusion_matrix": [
            [
                1148,
                0,
                1
            ],
            [
                4,
                29,
                1
            ],
            [
                6,
                0,
                50
            ]
        ],
        "val_classification_report": "              precision    recall  f1-score   support\n\n           0       0.99      1.00      1.00      1149\n           1       1.00      0.88      0.94        34\n           2       0.94      0.91      0.93        56\n\n    accuracy                           0.99      1239\n   macro avg       0.98      0.93      0.95      1239\nweighted avg       0.99      0.99      0.99      1239\n",
        "test_acc": 0.9796806966618288,
        "f1_test": 0.9788753410545347,
        "test_confusion_matrix": [
            [
                639,
                0,
                1
            ],
            [
                1,
                16,
                2
            ],
            [
                7,
                2,
                21
            ]
        ],
        "test_classification_report": "              precision    recall  f1-score   support\n\n           0       0.99      1.00      0.99       640\n           1       0.84      0.84      0.84        19\n           2       0.88      0.70      0.78        30\n\n    accuracy                           0.98       689\n   macro avg       0.90      0.85      0.87       689\nweighted avg       0.98      0.98      0.98       689\n"
    },
    "display": {
        "val_acc": 0.9919289749798225,
        "f1_val": 0.991651033817713,
        "val_confusion_matrix": [
            [
                1148,
                0,
                1
            ],
            [
                4,
                29,
                1
            ],
            [
                6,
                0,
                50
            ]
        ],
        "val_classification_report": "              precision    recall  f1-score   support\n\n           0       0.99      1.00      1.00      1149\n           1       1.00      0.88      0.94        34\n           2       0.94      0.91      0.93        56\n\n    accuracy                           0.99      1239\n   macro avg       0.98      0.93      0.95      1239\nweighted avg       0.99      0.99      0.99      1239\n",
        "test_acc": 0.9796806966618288,
        "f1_test": 0.9781254462810443,
        "test_confusion_matrix": [
            [
                639,
                0,
                1
            ],
            [
                1,
                16,
                2
            ],
            [
                7,
                2,
                21
            ]
        ],
        "test_classification_report": "              precision    recall  f1-score   support\n\n           0       0.99      1.00      0.99       640\n           1       0.84      0.84      0.84        19\n           2       0.88      0.70      0.78        30\n\n    accuracy                           0.98       689\n   macro avg       0.90      0.85      0.87       689\nweighted avg       0.98      0.98      0.98       689\n"
    },
    "platform": {
        "val_acc": 0.9919289749798225,
        "f1_val": 0.9918473206326174,
        "val_confusion_matrix": [
            [
                1148,
                0,
                1
            ],
            [
                4,
                29,
                1
            ],
            [
                6,
                0,
                50
            ]
        ],
        "val_classification_report": "              precision    recall  f1-score   support\n\n           0       0.99      1.00      1.00      1149\n           1       1.00      0.88      0.94        34\n           2       0.94      0.91      0.93        56\n\n    accuracy                           0.99      1239\n   macro avg       0.98      0.93      0.95      1239\nweighted avg       0.99      0.99      0.99      1239\n",
        "test_acc": 0.9927431059506531,
        "f1_test": 0.9927003623296224,
        "test_confusion_matrix": [
            [
                639,
                0,
                1
            ],
            [
                1,
                16,
                2
            ],
            [
                7,
                2,
                21
            ]
        ],
        "test_classification_report": "              precision    recall  f1-score   support\n\n           0       0.99      1.00      0.99       640\n           1       0.84      0.84      0.84        19\n           2       0.88      0.70      0.78        30\n\n    accuracy                           0.98       689\n   macro avg       0.90      0.85      0.87       689\nweighted avg       0.98      0.98      0.98       689\n"
    },
    "performance": {
        "val_acc": 0.9895076674737692,
        "f1_val": 0.9894522769821915,
        "val_confusion_matrix": [
            [
                1148,
                0,
                1
            ],
            [
                4,
                29,
                1
            ],
            [
                6,
                0,
                50
            ]
        ],
        "val_classification_report": "              precision    recall  f1-score   support\n\n           0       0.99      1.00      1.00      1149\n           1       1.00      0.88      0.94        34\n           2       0.94      0.91      0.93        56\n\n    accuracy                           0.99      1239\n   macro avg       0.98      0.93      0.95      1239\nweighted avg       0.99      0.99      0.99      1239\n",
        "test_acc": 0.9825834542815675,
        "f1_test": 0.9824066394821112,
        "test_confusion_matrix": [
            [
                639,
                0,
                1
            ],
            [
                1,
                16,
                2
            ],
            [
                7,
                2,
                21
            ]
        ],